action,step,count,avg,std
CASH_IN,1,447,155041.1451,131917.0502
CASH_IN,2,91,158866.2523,134859.017
CASH_IN,3,18,155689.3387,121524.7892
CASH_IN,6,118,162318.4789,139127.1139
CASH_IN,7,1297,154048.3626,131006.811
CASH_IN,8,3835,157357.9951,129211.3945
CASH_IN,9,5863,161178.7681,131336.9501
CASH_IN,10,3862,166080.3265,135267.5916
CASH_IN,11,3931,166309.7728,135332.1111
CASH_IN,12,3762,166204.4669,136401.0461
CASH_IN,13,3866,168188.7249,136538.931
CASH_IN,14,4614,164473.7238,131213.6401
CASH_IN,15,5083,162359.5124,127514.8211
CASH_IN,16,4460,163296.1191,127825.3188
CASH_IN,17,4950,162218.7396,126697.8336
CASH_IN,18,6091,160906.9447,125105.8932
CASH_IN,19,5959,160711.5868,123140.3171
CASH_IN,20,4619,157696.843,121474.6063
CASH_IN,21,3704,156687.6286,121421.5898
CASH_IN,22,2788,157666.2649,120589.9355
CASH_IN,23,1491,162108.4264,124358.7332
CASH_IN,24,579,166341.4046,129288.8469
CASH_IN,25,293,170032.9046,134044.082
CASH_IN,26,73,167579.6104,129812.1698
CASH_IN,27,13,150735.4337,120893.5899
CASH_IN,34,416,169986.2396,126606.4905
CASH_IN,35,2548,167211.7398,126768.7144
CASH_IN,36,4997,168045.971,126638.7651
CASH_IN,37,3014,168612.7799,127267.6846
CASH_IN,38,2938,168327.6196,127699.3835
CASH_IN,39,1496,165646.1204,125552.8897
CASH_IN,40,4596,167927.3086,125578.9087
CASH_IN,41,4193,165470.2061,124780.1399
CASH_IN,42,5148,164367.5314,122626.9017
CASH_IN,43,5059,161956.2641,121329.3161
CASH_IN,44,4372,162095.4747,122332.2837
CASH_IN,45,3528,160760.1317,122177.9869
CASH_IN,46,2834,162783.0277,121914.2506
CASH_IN,47,1831,163611.9064,123490.6439
CASH_IN,48,1260,166271.1052,125370.7121
CASH_IN,49,81,168524.7825,124371.3159
CASH_IN,93,733,158153.3784,122366.8557
CASH_IN,94,2165,159655.403,121298.3212
CASH_IN,95,1554,166052.4968,124463.1789
CASH_IN,96,1398,164012.9311,123443.2204
CASH_IN,97,85,169685.23,125211.9372
CASH_IN,119,1402,163328.3031,122629.5994
CASH_IN,120,566,161518.0713,120870.7081
CASH_IN,121,90,166672.1365,126369.653
CASH_IN,122,50,170859.902,124917.6703
CASH_IN,123,20,169010.4802,129412.5043
CASH_IN,132,21,163393.0061,117616.2929
CASH_IN,133,712,177985.6048,130824.0645
CASH_IN,134,2073,170662.4984,127439.2716
CASH_IN,135,1753,174235.8509,130622.7344
CASH_IN,136,3271,172229.9965,128738.1964
CASH_IN,137,3382,168071.6598,124278.4888
CASH_IN,138,2927,163845.8127,120906.9856
CASH_IN,139,5951,165485.6627,122401.1012
CASH_IN,140,4535,162486.3016,121418.351
CASH_IN,141,3689,160707.7752,121040.9934
CASH_IN,142,2759,160665.1262,120084.1905
CASH_IN,143,1709,162986.7004,122266.2692
CASH_IN,144,629,163167.125,124274.3926
CASH_IN,145,137,161977.4935,117610.746
CASH_IN,146,68,166899.536,123851.3397
CASH_IN,147,21,178121.0751,131426.7612
CASH_IN,155,456,173508.7238,128977.1006
CASH_IN,157,1439,171711.121,128968.91
CASH_IN,158,1965,172428.9519,128291.1468
CASH_IN,159,2052,168848.268,124494.7718
CASH_IN,160,2292,170796.0404,126340.2848
CASH_IN,161,3789,168657.906,125562.12
CASH_IN,162,4621,167148.7218,124320.2328
CASH_IN,163,5117,163818.2318,121033.7576
CASH_IN,164,4697,159373.8113,119646.6699
CASH_IN,165,3598,160551.39,119593.7225
CASH_IN,166,2784,162404.3698,121450.2378
CASH_IN,167,1734,162650.0159,122583.1124
CASH_IN,168,670,162656.4615,122184.3845
CASH_IN,169,146,165145.1474,119975.7141
CASH_IN,170,87,163654.2318,125022.3803
CASH_IN,181,902,168282.6372,124579.5969
CASH_IN,182,2296,171060.5015,126395.6534
CASH_IN,183,2444,168942.6902,125224.35
CASH_IN,184,2780,170286.3502,125644.9278
CASH_IN,185,3940,168861.8618,125870.802
CASH_IN,186,4590,167441.5251,123300.8124
CASH_IN,187,5263,165317.4976,121431.8648
CASH_IN,188,4733,161448.5251,120146.4578
CASH_IN,189,3804,161390.844,121389.8495
CASH_IN,190,2734,161888.5557,121200.6697
CASH_IN,191,2013,163788.1718,122580.9239
CASH_IN,192,665,165081.7392,123302.2658
CASH_IN,193,225,164061.1929,123208.5033
CASH_IN,194,67,167068.8289,124794.2312
CASH_IN,195,30,168605.5364,118292.8807
CASH_IN,204,324,164435.5959,123113.0756
CASH_IN,205,1574,169092.6234,124385.918
CASH_IN,206,1568,167787.269,123928.9884
CASH_IN,207,1777,166669.9867,122285.8089
CASH_IN,208,2583,167804.367,123383.6265
CASH_IN,209,2544,164923.1971,123166.4005
CASH_IN,210,3171,165084.5927,122168.0558
CASH_IN,211,3651,164871.2188,122039.0873
CASH_IN,212,4306,162910.5346,122821.3078
CASH_IN,213,3438,162186.1573,122784.0319
CASH_IN,214,2536,165240.2486,123936.3716
CASH_IN,215,1738,165396.1904,123678.934
CASH_IN,216,743,166645.3548,125358.5741
CASH_IN,217,600,167891.8006,124394.4406
CASH_IN,228,191,176401.527,130795.3912
CASH_IN,229,559,177456.204,131528.2961
CASH_IN,230,144,181579.2237,132899.5895
CASH_IN,231,1426,172918.7893,129601.9937
CASH_IN,232,2726,173634.8987,129430.9101
CASH_IN,234,3702,170103.9754,125074.9619
CASH_IN,235,5899,167198.123,122834.4969
CASH_IN,236,4630,163613.0279,121750.0453
CASH_IN,237,3477,162595.1547,122535.3275
CASH_IN,238,2450,164715.8945,121606.7332
CASH_IN,239,1865,165146.302,121762.8607
CASH_IN,240,680,166467.913,122693.9079
CASH_IN,241,296,169337.1584,125041.3614
CASH_IN,242,95,164835.2081,118959.087
CASH_IN,252,149,182184.5138,134530.2406
CASH_IN,253,844,172542.415,129348.6595
CASH_IN,254,1245,170113.8828,125549.5262
CASH_IN,255,1684,170316.9078,125886.525
CASH_IN,256,1987,169808.0318,125268.405
CASH_IN,257,1650,168813.2437,124422.3503
CASH_IN,258,2186,167976.2167,123256.5723
CASH_IN,259,5498,164150.8636,121819.9468
CASH_IN,260,4165,163919.5683,121392.9002
CASH_IN,261,3391,164015.0643,122009.2652
CASH_IN,262,2627,167537.7375,123890.6197
CASH_IN,263,1941,168222.0693,124491.9046
CASH_IN,264,694,173166.3583,126233.0824
CASH_IN,265,315,171971.6335,127053.5956
CASH_IN,266,75,168165.8876,124203.023
CASH_IN,267,29,171704.2674,125636.8547
CASH_IN,276,1,85764.03,0.0
CASH_IN,277,50,161642.3305,121760.8596
CASH_IN,279,24,173569.1414,123936.2822
CASH_IN,281,1259,165035.0451,121740.2797
CASH_IN,282,2690,169381.4266,124795.5574
CASH_IN,283,3258,165457.5202,123971.1885
CASH_IN,284,4012,165661.9878,124870.3764
CASH_IN,285,3084,170520.0042,126642.9126
CASH_IN,286,2544,171406.2475,126142.0195
CASH_IN,287,1581,172821.9114,127814.6451
CASH_IN,288,685,174698.4929,128331.3363
CASH_IN,289,137,177621.6059,131118.1627
CASH_IN,290,58,174510.8901,130937.6234
CASH_IN,291,14,168804.57,115080.6672
CASH_IN,301,402,180503.6411,131748.1279
CASH_IN,302,1059,178749.0207,129625.5498
CASH_IN,303,636,184049.387,133406.3944
CASH_IN,304,1324,176594.9879,126800.5942
CASH_IN,305,3647,177469.7769,129457.7155
CASH_IN,306,4622,175331.3033,127047.5731
CASH_IN,307,4447,173515.9951,125460.0153
CASH_IN,308,4840,170314.0028,125136.0968
CASH_IN,309,3624,169724.8591,125521.9202
CASH_IN,310,2526,170967.0219,125547.5715
CASH_IN,311,2009,172903.9387,126456.689
CASH_IN,312,576,171758.9874,126630.4191
CASH_IN,313,123,173483.4461,127297.8335
CASH_IN,314,72,173383.9946,127568.4382
CASH_IN,323,101,180086.897,129019.1599
CASH_IN,324,106,181829.398,128270.6095
CASH_IN,325,127,179230.4745,127635.5678
CASH_IN,326,346,186208.9,137610.7694
CASH_IN,329,1342,175970.373,126609.3922
CASH_IN,330,3179,173315.8304,126491.7861
CASH_IN,331,3359,172851.3698,125444.1528
CASH_IN,332,4562,170246.3765,124718.8438
CASH_IN,333,3333,171837.7309,126079.8365
CASH_IN,334,2753,167931.6829,123819.4105
CASH_IN,335,2324,169892.2544,124775.1662
CASH_IN,336,448,174823.9341,128566.0332
CASH_IN,337,61,170687.5975,128924.8655
CASH_IN,338,60,171482.1835,129671.1454
CASH_IN,349,209,183071.8372,130027.2226
CASH_IN,350,153,176095.8673,126225.2701
CASH_IN,354,2586,173764.7232,125744.05
CASH_IN,355,3188,173259.6598,125931.6979
CASH_IN,356,4142,168393.5661,123518.3954
CASH_IN,357,3637,169294.7773,123925.9585
CASH_IN,358,2639,172469.0155,127197.8689
CASH_IN,359,1701,165817.0577,118541.3637
CASH_IN,360,618,157972.4619,111923.702
CASH_IN,361,72,155366.5764,113228.5532
CASH_IN,362,1,75388.98091,60530.96142
CASH_IN,372,29,221647.6014,149571.3028
CASH_IN,373,46,181425.3883,127048.4975
CASH_IN,374,38,191607.3274,127499.1124
CASH_IN,375,171,208000.1249,144077.248
CASH_IN,376,78,182857.8042,127833.9629
CASH_IN,379,71,148294.8435,106577.9693
CASH_IN,380,614,133379.8891,92229.78977
CASH_IN,381,370,108650.4691,75405.21534
CASH_IN,382,190,126296.8222,87624.11033
CASH_IN,383,69,130981.5662,91533.59819
CASH_IN,384,15,142276.6797,90829.08182
CASH_IN,385,4,162200.9278,89009.43741
CASH_IN,386,1,42393.247,26685.00886
CASH_IN,394,181,184011.2833,125984.1875
CASH_IN,396,91,193434.6415,136534.6477
CASH_IN,397,118,216691.6386,147570.3477
CASH_IN,403,224,164965.4736,115358.8819
CASH_IN,404,548,136685.3031,96982.49319
CASH_IN,405,373,139866.7762,98260.44534
CASH_IN,406,204,116199.1266,81928.68268
CASH_IN,407,74,164764.4049,116784.1493
CASH_IN,408,33,110146.2038,73951.42526
CASH_IN,409,2,198798.8039,111353.8301
CASH_IN,416,47,150008.0405,105513.0125
CASH_IN,419,45,193046.3093,134863.9961
CASH_IN,420,82,178127.7204,124759.219
CASH_IN,422,42,227717.2537,148173.0417
CASH_IN,423,28,221256.2563,157542.0741
CASH_IN,426,159,167244.4975,116592.4892
CASH_IN,428,88,104343.4795,69818.33539
CASH_IN,429,60,101208.0957,70173.94897
CASH_IN,431,12,81573.27818,58981.7749
CASH_IN,439,1,129753.2706,91178.39401
CASH_IN,442,36,122355.5779,85201.15133
CASH_IN,445,1,102331.7031,84704.75935
CASH_IN,448,71,107007.9137,72648.59497
CASH_IN,449,37,159415.8835,108486.8027
CASH_IN,451,107,109770.1631,77972.51556
CASH_IN,452,7,85198.64,56672.40544
CASH_IN,453,1,52568.6925,41042.73325
CASH_IN,454,1,112196.9757,41426.93188
CASH_IN,455,7,76051.11453,50846.6969
CASH_IN,458,1,36079.18,19327.46207
CASH_IN,466,35,187665.1889,141580.7753
CASH_IN,469,216,212699.457,145640.3807
CASH_IN,471,94,185299.4905,135079.5991
CASH_IN,472,2,213704.0425,161806.393
CASH_IN,474,87,204154.9015,139715.5828
CASH_IN,476,112,169870.3997,118700.0903
CASH_IN,478,33,138708.617,102835.05
CASH_IN,479,6,66425.91904,41703.24848
CASH_IN,483,1,21072.78333,13245.54957
CASH_IN,487,5,176486.0607,128479.6832
CASH_IN,490,139,199932.9573,141333.4
CASH_IN,492,185,206236.9578,144072.3032
CASH_IN,493,67,209329.8807,143081.351
CASH_IN,495,107,182719.1308,124402.5689
CASH_IN,496,33,218746.7271,156068.5239
CASH_IN,500,199,121308.5499,84239.86522
CASH_IN,502,3,102139.1721,61460.96798
CASH_IN,503,13,127354.3779,90411.55775
CASH_IN,505,4,42806.19294,30732.51823
CASH_IN,509,1,21021.032,14850.16896
CASH_IN,514,283,190190.0755,133337.1838
CASH_IN,517,49,180709.4437,123179.9083
CASH_IN,518,120,204326.1035,146049.1342
CASH_IN,520,98,207297.7944,144361.2175
CASH_IN,522,566,174549.49,121513.3396
CASH_IN,524,84,129034.6616,91671.09187
CASH_IN,525,185,106128.6075,72410.10956
CASH_IN,526,44,104210.6979,72787.77323
CASH_IN,527,22,72680.25702,51949.95459
CASH_IN,528,4,107699.8723,61240.3564
CASH_IN,530,1,89538.96,47022.14092
CASH_IN,532,1,44426.94333,385.323777
CASH_IN,534,1,421799.0792,199994.0693
CASH_IN,538,126,169845.408,119074.4805
CASH_IN,540,185,199714.5724,139238.1617
CASH_IN,542,144,172326.7157,119900.9448
CASH_IN,544,186,189029.7947,133142.7788
CASH_IN,546,166,195058.1428,136340.4404
CASH_IN,548,182,134493.1156,93953.25611
CASH_IN,549,15,98407.0258,68416.10409
CASH_IN,550,89,126924.2974,92511.26751
CASH_IN,551,11,164965.2002,118444.8082
CASH_IN,552,5,251364.5719,169642.0719
CASH_IN,555,1,3594.043333,2858.038671
CASH_IN,563,1,206950.24,163313.6412
CASH_IN,565,135,192287.4045,137446.294
CASH_IN,567,147,207773.4068,151137.2448
CASH_IN,571,139,161379.1289,116641.3688
CASH_IN,573,89,117906.3309,80549.38482
CASH_IN,574,41,179673.1502,128512.3169
CASH_IN,576,4,74499.64957,49491.19663
CASH_IN,577,1,112306.4586,68994.24126
CASH_IN,578,1,47335.005,31724.97975
CASH_IN,580,1,2357.14,0.0
CASH_IN,582,1,276027.0343,170600.9723
CASH_IN,585,22,211838.8124,154420.1856
CASH_IN,590,196,194558.3923,135186.2669
CASH_IN,592,232,171673.6837,117974.132
CASH_IN,594,30,163193.8312,112287.1229
CASH_IN,596,234,123415.15,88089.77916
CASH_IN,597,60,104398.491,71444.376
CASH_IN,598,21,175720.0913,130534.3148
CASH_IN,599,16,140435.4513,91714.29953
CASH_IN,601,3,340210.7584,305006.9679
CASH_IN,608,25,161117.5104,118426.8308
CASH_IN,610,39,131113.6485,97031.33883
CASH_IN,612,84,156599.5615,110459.2431
CASH_IN,613,1,69842.4,0.0
CASH_IN,614,42,188652.1781,135582.1739
CASH_IN,617,72,227454.3907,165791.5503
CASH_IN,619,79,114228.8879,78846.97094
CASH_IN,621,30,78436.00897,49523.86368
CASH_IN,630,1,35284.95778,18640.87669
CASH_IN,637,119,180244.2609,125316.4555
CASH_IN,640,58,191650.624,135012.1046
CASH_IN,642,39,168682.9598,115908.9515
CASH_IN,644,68,123502.2159,88334.82988
CASH_IN,649,1,248620.8243,239674.5874
CASH_IN,656,48,147194.6598,97274.62141
CASH_IN,659,83,189317.0985,130204.1756
CASH_IN,661,165,211755.6582,145261.3773
CASH_IN,664,38,233009.2317,161376.2736
CASH_IN,667,51,147067.9988,102611.8476
CASH_IN,669,7,141870.4351,99236.67857
CASH_IN,670,32,96832.49888,66030.38691
CASH_IN,672,1,90167.58125,77167.02245
CASH_IN,673,1,87254.60063,79685.17337
CASH_IN,679,1,155864.1425,95883.72901
CASH_IN,681,174,175347.33,123267.9645
CASH_IN,684,161,190926.8016,135365.4799
CASH_IN,687,32,189456.566,130257.632
CASH_IN,688,253,198138.6516,140792.5416
CASH_IN,690,1,182565.03,137379.555
CASH_IN,691,109,141342.0643,98327.56925
CASH_IN,692,226,142656.4014,103087.3706
CASH_IN,694,48,120158.1018,83945.42011
CASH_IN,695,29,92602.34532,60355.28138
CASH_IN,699,1,101235.28,3922.44
CASH_IN,705,88,159265.8825,111319.8608
CASH_IN,707,10,186315.0731,119933.5138
CASH_IN,709,157,182294.7323,123429.2908
CASH_IN,710,131,184495.7822,128963.3607
CASH_IN,712,1,128670.4222,125875.8345
CASH_IN,714,45,179573.4879,128068.9751
CASH_IN,715,137,142115.3288,98946.65607
CASH_IN,716,8,131676.2642,77933.08481
CASH_IN,717,36,90745.15421,60600.0315
CASH_IN,718,29,101027.6341,69126.8913
CASH_OUT,1,972,154682.5591,133573.9327
CASH_OUT,2,207,162008.4813,140908.7108
CASH_OUT,3,3,156690.0141,111695.3633
CASH_OUT,6,392,168763.6165,134008.5424
CASH_OUT,7,2382,176661.1224,143383.0783
CASH_OUT,8,6672,184804.8805,148093.7737
CASH_OUT,9,10185,193664.5533,152294.8068
CASH_OUT,10,6755,195517.3028,155025.4029
CASH_OUT,11,6693,196076.6047,153577.1974
CASH_OUT,12,6289,191020.2752,149200.5608
CASH_OUT,13,7201,186348.6575,144511.9137
CASH_OUT,14,8088,183246.8135,141956.3481
CASH_OUT,15,9197,177194.5005,136140.2424
CASH_OUT,16,8289,173588.7356,135536.4743
CASH_OUT,17,8594,167972.693,131060.7792
CASH_OUT,18,11405,160856.6012,125992.3195
CASH_OUT,19,10201,165492.0036,128955.6743
CASH_OUT,20,8108,174864.4374,135801.2882
CASH_OUT,21,6192,177851.651,140065.0959
CASH_OUT,22,5026,179669.7229,138301.6125
CASH_OUT,23,2578,182234.8131,141107.8534
CASH_OUT,24,1301,182817.5617,141961.0575
CASH_OUT,25,710,179377.759,140436.8684
CASH_OUT,26,130,185733.7417,142982.5343
CASH_OUT,27,11,176338.1447,133499.639
CASH_OUT,34,909,189256.4194,143328.9523
CASH_OUT,35,4501,188309.594,141240.8163
CASH_OUT,36,9152,188097.0525,142468.1671
CASH_OUT,37,5648,185050.1273,141326.9649
CASH_OUT,38,5114,182646.3821,138240.7609
CASH_OUT,39,2725,182328.0883,139250.1522
CASH_OUT,40,8150,176126.6866,131941.1998
CASH_OUT,41,7344,169793.2635,127087.571
CASH_OUT,42,8931,161524.3849,121433.4432
CASH_OUT,43,9165,165358.2365,124993.4117
CASH_OUT,44,7586,178557.1489,135458.6522
CASH_OUT,45,5828,179089.2667,136460.7139
CASH_OUT,46,5084,182626.6566,138092.7505
CASH_OUT,47,3527,183337.9816,137958.0499
CASH_OUT,48,2494,183697.7128,138687.8686
CASH_OUT,49,309,185310.4048,140062.6067
CASH_OUT,93,1817,177912.3263,135550.9209
CASH_OUT,94,4122,179808.7743,136768.9498
CASH_OUT,95,3062,181251.4583,135830.5907
CASH_OUT,96,2676,181934.6777,136403.1268
CASH_OUT,97,189,184161.9939,139524.1442
CASH_OUT,119,2441,180050.2899,135896.3477
CASH_OUT,120,1360,179061.9816,135206.726
CASH_OUT,121,565,176520.0713,134308.6606
CASH_OUT,122,135,182781.1586,135772.5415
CASH_OUT,123,6,188000.6634,134664.1654
CASH_OUT,132,3,223562.4859,143078.5846
CASH_OUT,133,1863,185065.4086,140624.7998
CASH_OUT,134,3687,182440.1924,136232.2612
CASH_OUT,135,3226,179611.4274,134263.0058
CASH_OUT,136,5677,173549.2412,129477.9108
CASH_OUT,137,6179,166720.6461,123767.6236
CASH_OUT,138,5229,162299.2512,121570.0904
CASH_OUT,139,10857,166389.3757,124614.0587
CASH_OUT,140,7861,176884.2503,133828.5225
CASH_OUT,141,6038,179668.0024,136261.3035
CASH_OUT,142,4922,179853.1107,135010.4037
CASH_OUT,143,2971,178213.8802,132673.6324
CASH_OUT,144,1652,176320.4603,133261.3135
CASH_OUT,145,521,176719.8576,132947.3844
CASH_OUT,146,189,174291.6541,133708.4167
CASH_OUT,147,79,169315.2731,125684.7702
CASH_OUT,155,979,184727.2326,138019.1561
CASH_OUT,157,2792,182893.0445,136368.9175
CASH_OUT,158,3687,178504.2449,131967.4221
CASH_OUT,159,4156,175212.4269,130380.7361
CASH_OUT,160,4279,173260.5462,128510.6014
CASH_OUT,161,6650,170192.3588,127262.4137
CASH_OUT,162,7962,164435.5182,123208.9862
CASH_OUT,163,8734,167338.2072,125983.7152
CASH_OUT,164,8373,173395.7688,131142.3586
CASH_OUT,165,6215,172500.5756,129946.3493
CASH_OUT,166,4809,174561.3291,130132.4664
CASH_OUT,167,3055,175463.9813,129505.222
CASH_OUT,168,1715,172915.9844,129080.9958
CASH_OUT,169,630,173380.368,127743.7697
CASH_OUT,170,192,170612.1923,128709.4697
CASH_OUT,181,2029,177013.4311,132332.9324
CASH_OUT,182,4227,175952.8738,130034.6041
CASH_OUT,183,4460,172502.2375,126828.0732
CASH_OUT,184,5060,169692.82,125600.5068
CASH_OUT,185,6714,166366.1639,122957.0237
CASH_OUT,186,8258,160979.9463,118856.2813
CASH_OUT,187,9160,162265.7861,120126.3055
CASH_OUT,188,8329,164736.7984,121659.169
CASH_OUT,189,6232,164068.549,122175.7427
CASH_OUT,190,5117,163383.5864,122541.2363
CASH_OUT,191,3559,166195.9028,122593.0256
CASH_OUT,192,1902,165889.151,123575.4874
CASH_OUT,193,670,167231.8853,124264.1715
CASH_OUT,194,213,167710.6055,122595.5683
CASH_OUT,195,77,165611.6632,120774.2494
CASH_OUT,204,991,169338.6585,125042.9495
CASH_OUT,205,2995,165182.3855,121083.4494
CASH_OUT,206,2996,165214.6477,121742.6338
CASH_OUT,207,3342,164498.9081,121392.8243
CASH_OUT,208,4615,160604.1565,119906.3785
CASH_OUT,209,4851,158881.0656,119709.3944
CASH_OUT,210,5934,155025.7947,118364.1429
CASH_OUT,211,6472,164017.0239,125464.0793
CASH_OUT,212,7527,173920.1953,132050.4752
CASH_OUT,213,5919,174502.1299,133425.3055
CASH_OUT,214,4240,178353.5318,134450.3172
CASH_OUT,215,3015,177514.6341,133307.9364
CASH_OUT,216,1889,175773.162,130846.7668
CASH_OUT,217,1289,175891.2678,133639.8343
CASH_OUT,228,709,179405.1744,134418.0259
CASH_OUT,229,1121,182751.9225,136271.7225
CASH_OUT,230,632,175999.1586,131452.6196
CASH_OUT,231,2727,178380.7557,132034.4507
CASH_OUT,232,4858,172420.1028,129805.6352
CASH_OUT,234,6725,163342.1979,121088.0104
CASH_OUT,235,10223,164430.3375,122927.3464
CASH_OUT,236,7978,174472.5533,130224.1937
CASH_OUT,237,5777,172497.8499,129236.273
CASH_OUT,238,4306,173202.9328,128904.9879
CASH_OUT,239,3527,174319.4972,128893.7989
CASH_OUT,240,1677,170690.707,125998.6701
CASH_OUT,241,773,167750.1235,125397.6658
CASH_OUT,242,217,170413.9466,126965.2572
CASH_OUT,252,654,174456.9518,128781.2166
CASH_OUT,253,1973,175095.3438,128806.5136
CASH_OUT,254,2359,171646.636,125722.4336
CASH_OUT,255,3237,167978.7508,123610.8635
CASH_OUT,256,3741,165252.977,121835.2519
CASH_OUT,257,3275,159469.9978,118511.2101
CASH_OUT,258,4292,158227.4755,118830.7377
CASH_OUT,259,9744,153076.7335,114834.1907
CASH_OUT,260,7720,156192.7573,116309.346
CASH_OUT,261,5784,156613.8998,117356.8339
CASH_OUT,262,4209,154786.5181,117024.5872
CASH_OUT,263,3239,158442.7647,119101.8008
CASH_OUT,264,1799,158600.8574,120903.2363
CASH_OUT,265,699,157156.6905,121228.0639
CASH_OUT,266,305,159855.8604,122200.6935
CASH_OUT,267,38,165519.1301,125926.6952
CASH_OUT,276,1,103041.3731,54259.55009
CASH_OUT,277,96,159672.9019,118667.4102
CASH_OUT,279,50,161415.3612,128519.7647
CASH_OUT,281,2597,154296.7964,118064.6971
CASH_OUT,282,4870,153629.2857,118928.914
CASH_OUT,283,6095,165403.066,128208.8852
CASH_OUT,284,7281,175673.7931,132510.1806
CASH_OUT,285,5560,178471.0831,133103.7475
CASH_OUT,286,4567,181025.6023,133460.2996
CASH_OUT,287,3033,182176.8467,134679.071
CASH_OUT,288,1757,183712.3065,133666.8018
CASH_OUT,289,676,180745.7933,132723.9939
CASH_OUT,290,159,181473.6699,133625.2649
CASH_OUT,291,3,158726.2746,130646.9989
CASH_OUT,301,1011,185663.3551,136304.8418
CASH_OUT,302,2236,182490.3372,132606.4062
CASH_OUT,303,1537,180482.0435,132083.1009
CASH_OUT,304,2705,177852.0101,130581.6041
CASH_OUT,305,6596,172833.0732,127187.6272
CASH_OUT,306,8488,167258.3698,123479.822
CASH_OUT,307,8087,173455.6604,128828.2961
CASH_OUT,308,8267,178717.3867,132547.8559
CASH_OUT,309,5886,175048.516,129451.2951
CASH_OUT,310,4549,176699.9304,130666.5961
CASH_OUT,311,3781,172719.0289,127021.8752
CASH_OUT,312,1376,172676.8428,127395.3752
CASH_OUT,313,554,172546.9793,125532.8957
CASH_OUT,314,185,172720.8942,125441.2902
CASH_OUT,323,330,181461.9015,133794.3677
CASH_OUT,324,378,179705.1278,133048.1647
CASH_OUT,325,485,174678.8043,127079.8266
CASH_OUT,326,961,172827.5625,128273.1042
CASH_OUT,329,2600,172068.8711,126129.726
CASH_OUT,330,5638,169397.8883,124795.1925
CASH_OUT,331,5878,172933.117,127723.9232
CASH_OUT,332,7931,175961.7469,130368.1273
CASH_OUT,333,5702,175213.5933,128710.4868
CASH_OUT,334,4789,169311.679,125312.4769
CASH_OUT,335,3977,166026.9136,122187.5214
CASH_OUT,336,1161,165795.4717,120900.7152
CASH_OUT,337,118,166568.041,127479.5722
CASH_OUT,338,199,168979.98,123799.0947
CASH_OUT,349,659,172535.5185,127685.0015
CASH_OUT,350,614,169346.2372,123079.1955
CASH_OUT,354,4656,167871.5573,123693.5216
CASH_OUT,355,5655,173658.5597,127435.8248
CASH_OUT,356,7281,164750.7668,122278.2996
CASH_OUT,357,6144,159848.0096,118963.2008
CASH_OUT,358,4759,167123.9594,123958.4304
CASH_OUT,359,3240,156548.2182,114499.3614
CASH_OUT,360,1485,137935.4037,99085.36912
CASH_OUT,361,276,141188.3127,100238.2581
CASH_OUT,362,2,90447.09862,46156.98996
CASH_OUT,372,51,192091.1364,129829.9683
CASH_OUT,373,87,217251.075,155373.8216
CASH_OUT,374,75,199974.1854,141344.4589
CASH_OUT,375,318,192091.0387,133392.5858
CASH_OUT,376,148,200646.3504,143804.2115
CASH_OUT,379,166,138981.8943,96914.12968
CASH_OUT,380,1214,127361.5277,89897.68293
CASH_OUT,381,587,112885.7475,79377.62239
CASH_OUT,382,293,103794.2647,70866.45563
CASH_OUT,383,96,170753.3171,121405.7754
CASH_OUT,384,34,87120.13285,57152.76939
CASH_OUT,385,8,86617.42477,50569.63907
CASH_OUT,386,2,83827.96318,66623.63605
CASH_OUT,394,314,204036.7653,144348.5261
CASH_OUT,396,173,194134.7152,134969.7564
CASH_OUT,397,239,204744.8842,142961.2806
CASH_OUT,403,485,141229.6456,98428.72236
CASH_OUT,404,1100,115700.1093,82199.06119
CASH_OUT,405,632,112855.1383,78738.84629
CASH_OUT,406,323,131303.4183,94431.40442
CASH_OUT,407,121,87436.25802,58736.16638
CASH_OUT,408,72,221705.8207,166158.9657
CASH_OUT,409,4,100457.3664,74119.67529
CASH_OUT,416,80,156281.9693,114124.6323
CASH_OUT,419,86,171258.5545,120584.5639
CASH_OUT,420,178,205250.3356,142218.6069
CASH_OUT,422,87,207613.3015,150683.4408
CASH_OUT,423,57,198113.2286,137266.1292
CASH_OUT,426,368,173628.1665,121668.8748
CASH_OUT,428,173,109543.6847,78197.21948
CASH_OUT,429,109,89017.33759,59331.55683
CASH_OUT,431,29,88370.92057,58270.99117
CASH_OUT,436,1,22212.70333,10766.73225
CASH_OUT,439,1,107124.7853,68475.08503
CASH_OUT,442,78,133285.8187,89770.86515
CASH_OUT,445,1,169170.9656,106978.2479
CASH_OUT,448,158,138023.9394,95987.44518
CASH_OUT,449,84,166687.7265,117346.0899
CASH_OUT,451,266,113578.4312,80100.06841
CASH_OUT,452,14,156955.9666,109040.0146
CASH_OUT,453,3,106545.2626,62548.08574
CASH_OUT,454,1,42027.79375,31317.11719
CASH_OUT,455,11,58299.31269,40456.20636
CASH_OUT,458,3,100911.7368,38140.15405
CASH_OUT,466,59,187499.2158,124421.3139
CASH_OUT,469,417,195007.4734,136549.6064
CASH_OUT,471,183,196388.7648,139588.123
CASH_OUT,472,4,182366.2284,114162.0984
CASH_OUT,474,193,198464.3493,141348.7561
CASH_OUT,476,233,122968.4917,85305.01848
CASH_OUT,478,46,78711.62434,54587.8646
CASH_OUT,479,8,39891.92707,17917.42312
CASH_OUT,483,1,35602.544,26635.37955
CASH_OUT,487,7,76911.36076,59766.81198
CASH_OUT,490,247,194330.5079,135622.415
CASH_OUT,492,351,209932.7759,148220.2432
CASH_OUT,493,128,207257.996,143471.816
CASH_OUT,495,226,186898.1703,128952.82
CASH_OUT,496,60,184002.4889,132424.4115
CASH_OUT,500,372,128068.4209,89515.06136
CASH_OUT,502,5,79285.19237,49101.78787
CASH_OUT,503,21,81789.95097,56288.33754
CASH_OUT,505,5,116809.1596,92827.92113
CASH_OUT,509,1,404623.48,0.0
CASH_OUT,514,486,220703.6281,152521.6589
CASH_OUT,517,100,195913.4655,139296.286
CASH_OUT,518,243,192147.3892,134178.2832
CASH_OUT,520,206,196432.6712,138156.7505
CASH_OUT,522,1275,162312.6765,113819.2581
CASH_OUT,524,154,116372.0829,81551.4464
CASH_OUT,525,319,117693.2287,82762.55917
CASH_OUT,526,66,98409.16067,66064.27722
CASH_OUT,527,38,98333.86124,68047.67138
CASH_OUT,528,8,128431.5771,99053.26521
CASH_OUT,529,1,265301.22,0.0
CASH_OUT,530,1,78394.915,40407.0824
CASH_OUT,531,1,219702.598,108537.5548
CASH_OUT,532,1,11609.0075,2469.313275
CASH_OUT,534,1,298563.8625,150266.4621
CASH_OUT,538,216,188845.3057,135336.0515
CASH_OUT,540,354,196995.4329,137425.2724
CASH_OUT,542,297,173527.5237,119921.8938
CASH_OUT,544,396,183634.6484,128315.575
CASH_OUT,546,396,157477.7548,109770.7935
CASH_OUT,548,357,105790.1292,71518.506
CASH_OUT,549,26,106994.7019,81307.71011
CASH_OUT,550,131,107031.0204,75865.62791
CASH_OUT,551,15,95225.63335,70016.26079
CASH_OUT,552,11,154327.8449,105321.8273
CASH_OUT,555,1,22579.75875,6739.077
CASH_OUT,563,3,183097.1865,128663.7924
CASH_OUT,565,278,216787.9866,155275.5073
CASH_OUT,567,297,205344.1849,145084.1363
CASH_OUT,571,302,137059.7272,95493.27928
CASH_OUT,573,142,98644.85489,67486.88157
CASH_OUT,574,72,105586.6392,73945.06208
CASH_OUT,576,6,125137.4268,71648.51981
CASH_OUT,577,2,98958.9132,68907.95282
CASH_OUT,578,1,193007.2533,87631.28935
CASH_OUT,580,1,33766.16,0.0
CASH_OUT,582,1,281609.6493,136424.74
CASH_OUT,585,38,155334.2721,110515.3108
CASH_OUT,590,392,184670.1687,128242.3909
CASH_OUT,592,466,155363.7574,109741.5745
CASH_OUT,594,72,154607.2421,109036.5626
CASH_OUT,596,473,123084.4556,84335.62696
CASH_OUT,597,98,97090.30017,69568.99531
CASH_OUT,598,28,111381.8083,73321.9278
CASH_OUT,599,28,128051.8942,95457.90966
CASH_OUT,601,9,110502.5392,70512.21626
CASH_OUT,608,53,111380.4924,75456.13346
CASH_OUT,610,77,165297.9858,114434.9322
CASH_OUT,612,179,149641.9351,106004.854
CASH_OUT,613,1,299491.9133,102445.2977
CASH_OUT,614,85,127055.0106,85545.6505
CASH_OUT,617,178,125338.7368,85997.83573
CASH_OUT,619,205,109373.1745,74517.02031
CASH_OUT,621,63,108870.9854,77887.32918
CASH_OUT,630,1,226555.365,24562.525
CASH_OUT,637,218,196998.984,138574.6346
CASH_OUT,640,121,169247.1027,119830.0155
CASH_OUT,642,83,136065.3225,93855.28354
CASH_OUT,644,140,137566.6928,96065.7073
CASH_OUT,649,1,114566.3381,47176.12024
CASH_OUT,656,80,147150.4144,103199.9866
CASH_OUT,659,163,199208.669,139451.1551
CASH_OUT,661,339,208058.4783,148652.054
CASH_OUT,664,87,175562.837,126420.5261
CASH_OUT,667,106,108154.1311,74409.60428
CASH_OUT,669,10,169963.8036,109400.3333
CASH_OUT,670,46,107228.6953,74258.00648
CASH_OUT,672,1,82614.74444,35134.98766
CASH_OUT,673,2,57097.83304,25821.20715
CASH_OUT,679,1,149237.6967,102892.6244
CASH_OUT,681,315,192431.6042,137308.0705
CASH_OUT,684,315,179522.2564,122224.5118
CASH_OUT,687,58,202231.8186,144998.6945
CASH_OUT,688,503,186046.3475,130886.9426
CASH_OUT,690,4,159903.9964,112904.6948
CASH_OUT,691,221,140708.1966,97613.75252
CASH_OUT,692,416,120029.9615,82914.32039
CASH_OUT,694,66,91074.39749,60186.40352
CASH_OUT,695,45,76901.93624,48138.1229
CASH_OUT,698,1,16529.12,0.0
CASH_OUT,699,1,29521.89,0.0
CASH_OUT,705,145,172319.1549,118620.255
CASH_OUT,707,16,236562.5788,152513.7608
CASH_OUT,709,279,183686.5288,126658.0427
CASH_OUT,710,256,211296.1964,145867.3225
CASH_OUT,712,2,260606.0035,143122.4981
CASH_OUT,714,106,178299.5841,125976.3561
CASH_OUT,715,280,142899.8114,98357.63571
CASH_OUT,716,18,137666.4292,93490.77869
CASH_OUT,717,54,105897.7332,71890.34203
CASH_OUT,718,46,115882.0657,78603.31805
DEBIT,1,52,4353.74515,12576.3405
DEBIT,2,15,3971.407809,2791.872454
DEBIT,3,1,2692.07,1873.359369
DEBIT,6,6,2893.744789,2026.860577
DEBIT,7,37,3702.379745,6706.505563
DEBIT,8,81,4481.574825,17240.93673
DEBIT,9,114,6997.398441,17767.51841
DEBIT,10,87,7906.948901,19454.8111
DEBIT,11,77,8507.888907,24716.84007
DEBIT,12,67,23383.92337,35925.73518
DEBIT,13,67,4616.570652,10518.6208
DEBIT,14,74,5287.535128,10454.82586
DEBIT,15,94,6015.590192,23628.17682
DEBIT,16,80,4806.938192,13910.55286
DEBIT,17,97,5438.902431,14577.61822
DEBIT,18,110,4878.810899,12016.29831
DEBIT,19,129,5025.156063,16029.53629
DEBIT,20,94,6834.214304,26209.52638
DEBIT,21,86,6204.859641,17174.79754
DEBIT,22,90,5840.645326,12595.02865
DEBIT,23,45,4002.244178,12564.6868
DEBIT,24,32,5343.39123,15721.75467
DEBIT,25,19,6093.525973,4966.424568
DEBIT,26,3,1276.076857,1100.580262
DEBIT,27,1,840.2085714,427.836168
DEBIT,34,7,4435.705844,8172.902033
DEBIT,35,34,4564.969623,23506.09478
DEBIT,36,78,5904.640397,27087.23202
DEBIT,37,37,5157.49174,23214.67895
DEBIT,38,37,3696.799515,5031.706922
DEBIT,39,23,4580.992172,19599.26869
DEBIT,40,72,5054.605895,23320.56882
DEBIT,41,65,5823.883333,22578.47449
DEBIT,42,77,6731.144099,27397.48358
DEBIT,43,85,5080.642795,7440.400468
DEBIT,44,75,4671.219095,5198.035743
DEBIT,45,78,4423.863088,6128.842754
DEBIT,46,90,3660.546416,4946.032505
DEBIT,47,62,7665.444606,7430.645618
DEBIT,48,54,4902.78936,6135.129228
DEBIT,49,11,3139.415574,6972.468451
DEBIT,93,21,4753.263305,6485.788252
DEBIT,94,44,4335.046928,5984.745461
DEBIT,95,49,3988.187367,4325.782764
DEBIT,96,62,2735.743591,2578.109137
DEBIT,97,7,1786.376296,1386.102326
DEBIT,119,45,2759.807712,2881.328215
DEBIT,120,34,7261.900252,6070.054482
DEBIT,121,18,2260.16919,1651.349672
DEBIT,122,5,1236.840159,890.3832166
DEBIT,123,1,1205.996,470.5775412
DEBIT,133,12,3733.068239,4728.801428
DEBIT,134,37,4054.81831,5476.037432
DEBIT,135,29,4720.696018,4536.217194
DEBIT,136,54,4103.39704,4483.06308
DEBIT,137,54,4490.402095,4707.93184
DEBIT,138,40,3471.524924,3464.601253
DEBIT,139,101,4580.351779,5313.836511
DEBIT,140,83,3724.625656,4267.816372
DEBIT,141,83,3509.843195,4542.595844
DEBIT,142,76,3605.9107,7200.563524
DEBIT,143,74,3937.322713,4366.493898
DEBIT,144,37,4141.04731,9983.801206
DEBIT,145,20,4599.38,3400.812772
DEBIT,146,12,3916.587721,3311.813118
DEBIT,147,2,2137.044138,2373.785915
DEBIT,155,8,4034.970106,4235.150467
DEBIT,157,29,6112.810625,6246.875782
DEBIT,158,36,4563.097681,8068.996827
DEBIT,159,29,6168.261752,8529.159264
DEBIT,160,35,6197.610414,8858.508794
DEBIT,161,62,9127.549945,10029.01122
DEBIT,162,65,5524.843632,6785.854877
DEBIT,163,69,7435.092845,12618.93468
DEBIT,164,80,3735.711625,6360.871667
DEBIT,165,71,4510.446719,8789.664366
DEBIT,166,64,4777.634953,7172.641672
DEBIT,167,54,5264.084238,6988.073934
DEBIT,168,30,3474.630315,3424.829916
DEBIT,169,25,2090.814948,2247.639404
DEBIT,170,13,1193.081267,885.5589091
DEBIT,181,17,4516.879793,7616.077991
DEBIT,182,40,6614.100998,10757.64553
DEBIT,183,38,8698.145023,13068.86732
DEBIT,184,46,12112.87317,15173.67211
DEBIT,185,62,9947.908207,14522.57155
DEBIT,186,75,3993.676081,10783.91196
DEBIT,187,85,4395.313273,10031.53616
DEBIT,188,65,4428.502513,10653.19891
DEBIT,189,69,4144.547397,9068.021023
DEBIT,190,65,3634.82874,8255.45688
DEBIT,191,65,3855.068671,10884.90605
DEBIT,192,43,3743.330201,10180.1877
DEBIT,193,22,5744.653113,3989.378394
DEBIT,194,17,3259.183814,2510.533596
DEBIT,195,3,1787.805556,1269.611741
DEBIT,204,3,3840.20775,2784.419106
DEBIT,205,19,5012.159956,14677.74042
DEBIT,206,26,5405.085101,12973.05595
DEBIT,207,36,6158.249423,20161.5951
DEBIT,208,45,4624.640517,11902.15198
DEBIT,209,42,4064.414383,7339.290928
DEBIT,210,43,4710.866474,11229.29689
DEBIT,211,52,5203.277533,15021.97845
DEBIT,212,73,5177.313392,13270.10653
DEBIT,213,55,5028.840694,12441.96646
DEBIT,214,49,6652.075621,14393.32244
DEBIT,215,52,3776.117671,9411.816533
DEBIT,216,40,2696.939312,4533.502942
DEBIT,217,41,3055.842192,4423.341653
DEBIT,228,3,4844.363636,3016.595449
DEBIT,229,8,5087.498617,11822.78176
DEBIT,230,3,3195.128286,2572.973853
DEBIT,231,22,4775.35,9341.211562
DEBIT,232,46,6503.747538,17067.12979
DEBIT,234,65,5907.674572,12954.78904
DEBIT,235,115,8017.029467,16131.40426
DEBIT,236,87,9835.885779,26568.32627
DEBIT,237,73,8593.42516,25605.42214
DEBIT,238,55,12237.17636,35100.74941
DEBIT,239,50,12080.76455,32738.5102
DEBIT,240,44,5530.553667,15997.16013
DEBIT,241,29,2030.70193,1439.454219
DEBIT,242,3,3012.984516,1696.837786
DEBIT,252,2,5520.524783,5814.776129
DEBIT,253,17,22457.10745,50769.35679
DEBIT,254,16,4597.575053,6137.295071
DEBIT,255,23,4861.50594,10152.72116
DEBIT,256,37,7715.042413,9884.816536
DEBIT,257,27,4434.531608,9937.026114
DEBIT,258,32,4150.468103,5081.632964
DEBIT,259,90,4281.883391,5729.057077
DEBIT,260,59,4199.686768,5957.127206
DEBIT,261,43,4602.685912,7251.530725
DEBIT,262,45,3712.170307,4469.781989
DEBIT,263,56,4277.0052,7967.552096
DEBIT,264,36,3592.465251,4630.076875
DEBIT,265,22,3089.837052,2122.135631
DEBIT,266,14,3256.649503,2401.560068
DEBIT,267,1,4794.825,1670.155
DEBIT,277,1,2365.125,1144.493278
DEBIT,279,1,4563.89,24.91
DEBIT,281,23,6492.360152,9486.500677
DEBIT,282,42,6677.96858,11269.38762
DEBIT,283,59,10161.69862,12875.00086
DEBIT,284,66,8623.368805,17051.60193
DEBIT,285,60,6614.296562,12305.00173
DEBIT,286,56,3782.516631,4858.437688
DEBIT,287,49,4499.750508,5272.373494
DEBIT,288,38,3227.054312,3337.869705
DEBIT,289,28,3061.036118,2319.946302
DEBIT,290,7,4161.385977,3145.392611
DEBIT,291,1,3170.206667,1381.469407
DEBIT,301,11,5308.470732,10339.46324
DEBIT,302,18,3517.499014,3617.505957
DEBIT,303,14,5083.728272,4858.380119
DEBIT,304,23,4184.627463,4516.431205
DEBIT,305,71,4807.182445,5620.910515
DEBIT,306,84,4725.944933,6931.960203
DEBIT,307,70,5445.140581,7176.487187
DEBIT,308,88,4903.850886,10144.90879
DEBIT,309,59,4703.153582,6882.464305
DEBIT,310,53,5934.145327,8893.097151
DEBIT,311,61,4081.413887,6531.456537
DEBIT,312,31,2691.485412,3335.958579
DEBIT,313,21,3760.585556,2793.743429
DEBIT,314,9,3106.559717,4008.413762
DEBIT,323,2,8025.776,9530.159644
DEBIT,324,3,7998.353871,5554.57674
DEBIT,325,3,4262.131818,3264.676683
DEBIT,326,5,3721.045263,4113.575376
DEBIT,329,22,7495.930547,7681.018856
DEBIT,330,51,3941.459207,5354.39168
DEBIT,331,56,4277.940154,7391.871617
DEBIT,332,85,4656.194277,6964.267525
DEBIT,333,58,4144.034311,6004.809918
DEBIT,334,66,3763.453727,8473.413537
DEBIT,335,61,3408.486785,6998.98245
DEBIT,336,34,2519.710051,4644.789259
DEBIT,337,6,3146.60662,2392.069607
DEBIT,338,13,2738.054,2086.085306
DEBIT,349,4,3416.710213,2414.082565
DEBIT,350,3,4078.703333,2730.233253
DEBIT,354,49,4403.643831,8525.068895
DEBIT,355,62,3953.79046,6343.747939
DEBIT,356,72,5275.614335,14314.68606
DEBIT,357,72,3540.209143,2801.070829
DEBIT,358,52,2954.601977,2525.727797
DEBIT,359,68,8131.7125,8509.555366
DEBIT,360,36,2042.763824,1369.173772
DEBIT,361,21,1274.272236,885.7132906
DEBIT,362,10,3978.350598,3108.949905
DEBIT,372,2,3126.363684,1952.992249
DEBIT,373,4,6536.382326,4822.242209
DEBIT,374,2,3099.977308,2085.170552
DEBIT,375,9,4495.218218,3448.01165
DEBIT,376,3,5683.76975,4528.273994
DEBIT,379,3,2926.549091,1705.871563
DEBIT,380,22,6507.710278,4526.903967
DEBIT,381,23,8604.457037,6802.225877
DEBIT,382,24,2755.567617,1856.821287
DEBIT,383,34,3127.277943,2284.714405
DEBIT,384,31,3629.803017,2524.554039
DEBIT,385,19,3146.103901,2279.388489
DEBIT,386,13,2806.505769,1961.166269
DEBIT,394,11,4950.077642,3527.448916
DEBIT,396,5,3475.750862,2392.092233
DEBIT,397,6,4367.884923,2936.03075
DEBIT,403,7,2160.783375,1462.207056
DEBIT,404,26,2198.707946,1506.690313
DEBIT,405,32,2264.935093,1448.278973
DEBIT,406,36,3368.906161,2316.555214
DEBIT,407,47,2753.183389,1906.038226
DEBIT,408,72,3135.850956,2192.697213
DEBIT,409,6,1013.422133,537.7983749
DEBIT,413,1,1362.297857,1175.880689
DEBIT,416,8,2577.729158,1723.358024
DEBIT,419,3,1541.998235,1096.625014
DEBIT,420,7,2176.256623,1459.725876
DEBIT,422,4,3088.036429,1961.913512
DEBIT,423,3,1938.065,923.8804891
DEBIT,426,13,1925.793733,1305.876925
DEBIT,428,6,3182.589538,2442.418234
DEBIT,429,6,3615.539242,2591.190955
DEBIT,431,7,1630.532874,1075.748525
DEBIT,436,1,2469.966,1151.970604
DEBIT,439,3,2092.847838,1153.981599
DEBIT,442,2,6572.465556,5147.29572
DEBIT,445,1,2105.31,1405.51
DEBIT,448,4,2105.938511,1580.488669
DEBIT,449,3,1616.552333,1243.077882
DEBIT,451,4,1280.316585,763.2676559
DEBIT,452,1,1402.816667,1075.630211
DEBIT,453,1,3585.033333,360.6708594
DEBIT,454,1,839.1666667,671.69496
DEBIT,455,2,1695.77931,1224.276873
DEBIT,458,7,1121.742299,727.3487711
DEBIT,460,1,16116.885,9328.151865
DEBIT,461,1,538.3933333,211.0620509
DEBIT,466,3,2946.277222,1789.775589
DEBIT,469,13,3421.565238,2477.075751
DEBIT,471,4,1314.290816,915.9601603
DEBIT,474,4,1271.469792,734.6451981
DEBIT,476,8,2082.516632,1402.346508
DEBIT,478,7,1251.95679,699.0850806
DEBIT,479,6,2061.563281,1184.963757
DEBIT,483,1,1206.405,415.8143762
DEBIT,487,6,3865.399531,2412.369534
DEBIT,490,4,173007.1358,96782.51767
DEBIT,492,9,2870.828679,2044.609045
DEBIT,493,2,4623.612857,2353.833482
DEBIT,495,5,2163.272632,1375.930937
DEBIT,496,1,2270.767692,1631.649117
DEBIT,500,11,1145.213548,700.9419477
DEBIT,502,1,2562.329,1733.037714
DEBIT,503,6,1185.578267,607.8531028
DEBIT,505,13,974.6445752,700.2932615
DEBIT,509,1,900.240625,485.6539037
DEBIT,514,12,2943.563723,1807.596814
DEBIT,517,1,2619.500588,1666.352851
DEBIT,518,6,2675.386364,1994.876598
DEBIT,520,5,2913.178548,2051.69849
DEBIT,522,41,3721.651839,2622.050588
DEBIT,524,8,2217.096333,1361.07143
DEBIT,525,36,2173.131762,1361.942701
DEBIT,526,15,4451.277318,3315.372707
DEBIT,527,15,3319.88655,2118.76452
DEBIT,528,7,1559.289125,1115.527857
DEBIT,529,1,1783.345,762.9198036
DEBIT,530,8,1729.43,1085.597844
DEBIT,531,3,1465.311026,734.5742746
DEBIT,532,1,1072.301538,355.4702857
DEBIT,534,5,1273.307368,744.9692711
DEBIT,538,5,4587.131333,3356.889777
DEBIT,540,10,6060.403772,3948.386336
DEBIT,542,8,2841.192062,1808.399991
DEBIT,544,10,5993.432941,4009.226259
DEBIT,546,8,2575.214409,1690.26043
DEBIT,548,10,8272.297658,5679.641124
DEBIT,549,2,2515.149615,1818.846729
DEBIT,550,24,3278.030141,2349.127502
DEBIT,551,4,1653.6775,991.1481858
DEBIT,552,10,1252.185983,724.3682771
DEBIT,555,1,1011.215455,501.9117128
DEBIT,565,8,3927.741758,2309.536507
DEBIT,567,8,1428.341064,903.1356658
DEBIT,571,5,1737.473667,1181.876301
DEBIT,573,10,2994.37973,2198.786092
DEBIT,574,9,3451.466117,2739.909275
DEBIT,576,6,3128.801806,2382.387389
DEBIT,577,4,3026.724878,2051.022745
DEBIT,578,4,1678.258293,1108.487202
DEBIT,580,1,549.505,247.0552989
DEBIT,582,3,5687.282105,3534.096503
DEBIT,585,1,3204.895,2714.674086
DEBIT,590,19,2818.116518,1986.377887
DEBIT,592,18,2158.293411,1467.985296
DEBIT,594,3,3438.893824,2014.73933
DEBIT,596,19,1875.147027,1142.579767
DEBIT,597,4,2455.029412,1688.805933
DEBIT,598,3,956.4612121,559.2566548
DEBIT,599,7,1553.989651,946.5312251
DEBIT,601,12,2694.544113,1996.657794
DEBIT,608,2,1702.679524,909.2894652
DEBIT,610,4,3827.4775,2374.238567
DEBIT,612,7,1441.245542,808.8350187
DEBIT,614,3,5931.673667,4246.081671
DEBIT,617,5,1569.644074,953.2894886
DEBIT,619,8,1496.121556,900.3823583
DEBIT,621,1,2245.239091,1490.81333
DEBIT,630,1,802.548,578.781295
DEBIT,637,5,1229.398871,687.8780636
DEBIT,640,1,765.095,275.8616664
DEBIT,642,1,869.9485714,478.462202
DEBIT,644,4,1961.688085,1136.089435
DEBIT,649,5,2318.876429,1936.960693
DEBIT,656,4,2414.6026,1485.13026
DEBIT,659,4,3476.27,2204.443316
DEBIT,661,7,8539.284156,6338.315974
DEBIT,664,3,1241.038,713.3261608
DEBIT,667,1,1282.118667,909.0329634
DEBIT,669,1,1172.784444,612.9865219
DEBIT,670,8,1655.238817,993.1169438
DEBIT,672,1,1315.873,814.8882184
DEBIT,673,5,2235.246897,1520.718697
DEBIT,675,1,785.0333333,522.0485269
DEBIT,679,1,6624.263333,4700.297146
DEBIT,681,8,7107.35375,4213.056809
DEBIT,684,9,3720.941313,2530.612442
DEBIT,687,2,4011.222857,2798.554289
DEBIT,688,19,2742.812442,1956.01947
DEBIT,691,6,3139.978169,1857.04914
DEBIT,692,12,3081.840956,2129.38271
DEBIT,694,11,3699.177953,2606.614475
DEBIT,695,31,3532.348394,2346.576453
DEBIT,698,1,547.71,352.75
DEBIT,699,1,481.625,369.885
DEBIT,705,6,6263.061,4633.794461
DEBIT,707,1,3318.25,1668.709594
DEBIT,709,10,3620.83265,2468.620835
DEBIT,710,8,4267.635955,2955.818449
DEBIT,714,2,4002.728571,2312.21826
DEBIT,715,6,6269.046714,4655.321905
DEBIT,716,1,9236.573333,4768.76732
DEBIT,717,4,2628.029762,2170.242716
DEBIT,718,10,1367.076897,800.615789
PAYMENT,1,1194,7800.756762,7728.255579
PAYMENT,2,244,9288.617363,8614.307209
PAYMENT,3,10,8208.99359,7419.005707
PAYMENT,6,466,10978.65831,9476.045094
PAYMENT,7,2874,9788.608513,8967.997415
PAYMENT,8,7027,10965.30949,9797.965823
PAYMENT,9,9777,12345.77317,10440.42474
PAYMENT,10,6369,12182.23369,10368.55443
PAYMENT,11,6384,12585.13413,10779.74343
PAYMENT,12,6000,12141.862,10605.4479
PAYMENT,13,6470,12075.15756,10747.52422
PAYMENT,14,7347,10906.22882,9234.713045
PAYMENT,15,8202,11153.06463,9425.501733
PAYMENT,16,7172,10991.09468,9471.685778
PAYMENT,17,7758,10767.71492,9403.58781
PAYMENT,18,10027,10210.21108,9056.872144
PAYMENT,19,9265,10963.24249,10097.05598
PAYMENT,20,7491,11962.00895,10871.16909
PAYMENT,21,6439,11948.17308,10806.22665
PAYMENT,22,5268,12205.75293,10951.14758
PAYMENT,23,3100,12416.52877,10878.72571
PAYMENT,24,1416,12479.96153,10808.20615
PAYMENT,25,768,11724.01572,10828.83947
PAYMENT,26,184,10489.77474,10855.36843
PAYMENT,27,18,9562.962559,11819.04116
PAYMENT,34,827,13357.64532,11758.64793
PAYMENT,35,3915,13103.20249,11790.20139
PAYMENT,36,8123,13089.60635,11871.00489
PAYMENT,37,4723,12255.64674,11309.58575
PAYMENT,38,4320,10749.6305,9251.553552
PAYMENT,39,2526,10659.55504,9340.959444
PAYMENT,40,7190,10605.37637,9302.464196
PAYMENT,41,6556,9945.679653,8907.127039
PAYMENT,42,7859,9808.418837,8919.606127
PAYMENT,43,8152,11851.48305,11180.43661
PAYMENT,44,7203,13556.9584,12707.47326
PAYMENT,45,5942,13781.95824,12867.27101
PAYMENT,46,5423,13430.33304,12696.71847
PAYMENT,47,3971,12603.65977,11759.68583
PAYMENT,48,2871,12325.54494,11624.98703
PAYMENT,49,350,11728.76433,12042.89516
PAYMENT,93,1633,13199.70869,12246.59316
PAYMENT,94,4272,13147.2748,12347.47534
PAYMENT,95,3420,13581.70763,12337.90529
PAYMENT,96,3134,12480.19312,12901.73445
PAYMENT,97,272,13398.54865,13047.04482
PAYMENT,119,2827,12958.2847,12413.94696
PAYMENT,120,1486,12647.62879,12159.96412
PAYMENT,121,531,14342.36824,12462.74888
PAYMENT,122,150,11697.68889,12522.49395
PAYMENT,123,13,12671.53147,13263.9198
PAYMENT,132,6,14380.79412,12683.99051
PAYMENT,133,1453,15081.99189,13352.10186
PAYMENT,134,3055,14536.58382,13032.46108
PAYMENT,135,2727,13341.42481,11698.33735
PAYMENT,136,4807,12756.67661,11395.02275
PAYMENT,137,5294,13115.86151,11574.96087
PAYMENT,138,4451,12474.59574,11057.71467
PAYMENT,139,9740,11808.91987,10349.88547
PAYMENT,140,7448,11745.91973,10055.78845
PAYMENT,141,6162,11640.90221,10116.39762
PAYMENT,142,5213,11780.01155,10048.74703
PAYMENT,143,3591,10424.65635,9463.874563
PAYMENT,144,1793,11293.65431,9764.849142
PAYMENT,145,520,10236.80574,9144.761267
PAYMENT,146,182,10086.12935,8901.56177
PAYMENT,147,35,10452.97012,9521.885812
PAYMENT,155,865,12220.46092,10306.37508
PAYMENT,157,2429,11874.23754,10282.05475
PAYMENT,158,3131,11889.75944,10309.98924
PAYMENT,159,3536,12011.99157,10546.59127
PAYMENT,160,3639,12008.87108,10611.96006
PAYMENT,161,5643,11703.96116,10490.67002
PAYMENT,162,7217,11625.09245,10706.40133
PAYMENT,163,7707,11702.02862,10839.39322
PAYMENT,164,7954,12513.92473,11339.87917
PAYMENT,165,6266,12681.23002,11619.66106
PAYMENT,166,5030,12571.98524,11949.95199
PAYMENT,167,3639,12065.67461,11851.95751
PAYMENT,168,1858,11114.85004,10992.3272
PAYMENT,169,656,11689.1907,10492.86214
PAYMENT,170,236,11182.61719,10577.46143
PAYMENT,181,1549,13816.14578,12840.511
PAYMENT,182,3633,12659.57536,11578.14255
PAYMENT,183,3865,12493.39222,11687.32192
PAYMENT,184,4212,12252.67077,11843.72297
PAYMENT,185,6105,11691.39526,11740.71325
PAYMENT,186,7449,10844.81882,11224.20336
PAYMENT,187,8253,9698.279805,9839.399819
PAYMENT,188,7920,10042.13745,10163.0207
PAYMENT,189,6441,10126.15946,9961.106109
PAYMENT,190,5450,10064.53058,9981.822625
PAYMENT,191,4192,9514.553653,9861.935439
PAYMENT,192,2104,9675.690225,9794.84855
PAYMENT,193,728,19763.06016,23693.03243
PAYMENT,194,250,8823.205389,8994.231805
PAYMENT,195,46,10199.81224,10022.81954
PAYMENT,204,733,10449.183,10587.97347
PAYMENT,205,2473,10838.7452,10739.792
PAYMENT,206,2588,10730.98301,10837.58903
PAYMENT,207,2930,11246.15581,11780.11512
PAYMENT,208,4017,11385.97295,12303.07624
PAYMENT,209,4130,12066.72916,13313.73551
PAYMENT,210,4958,13216.89711,14400.56818
PAYMENT,211,5530,15843.86723,16067.86262
PAYMENT,212,7238,16433.87603,16169.30031
PAYMENT,213,6106,15401.61496,15140.02615
PAYMENT,214,4691,13333.47907,13148.09572
PAYMENT,215,3666,11828.53156,11533.58474
PAYMENT,216,2064,10930.97042,10976.38934
PAYMENT,217,1569,10575.80058,11303.84913
PAYMENT,228,538,14750.97614,13843.81411
PAYMENT,229,970,14444.52029,12966.6383
PAYMENT,230,433,13172.03784,11811.73407
PAYMENT,231,2342,13694.10561,12565.7668
PAYMENT,232,4111,13806.43499,12965.86268
PAYMENT,234,5810,14136.12543,13357.11268
PAYMENT,235,9184,14860.11815,14028.43253
PAYMENT,236,7635,16140.41772,14957.77383
PAYMENT,237,6075,14912.70756,14602.16826
PAYMENT,238,4655,13621.70128,13624.67259
PAYMENT,239,3976,11890.37718,12246.2447
PAYMENT,240,2034,11749.95455,11590.03501
PAYMENT,241,900,9402.724138,10178.78047
PAYMENT,242,243,9233.308137,9214.357845
PAYMENT,252,439,13635.86391,12652.30357
PAYMENT,253,1569,13618.92046,13342.96616
PAYMENT,254,1878,11737.23117,10807.40915
PAYMENT,255,2733,11217.3445,10668.8358
PAYMENT,256,3264,11238.37502,10967.13662
PAYMENT,257,2681,10750.38091,10758.48085
PAYMENT,258,3462,10893.91248,11011.18346
PAYMENT,259,8696,10716.91669,10974.61078
PAYMENT,260,7246,10993.80297,11044.5952
PAYMENT,261,5922,10755.1345,11110.096
PAYMENT,262,4639,10490.08543,11135.00799
PAYMENT,263,3789,10622.50226,12228.39377
PAYMENT,264,2007,10638.35389,12454.81753
PAYMENT,265,733,10462.25642,12337.50528
PAYMENT,266,328,9783.027754,11504.82911
PAYMENT,267,34,12004.68354,14274.54182
PAYMENT,276,1,6403.83,6586.128304
PAYMENT,277,70,13685.30453,13594.57864
PAYMENT,279,25,11240.56737,10418.17098
PAYMENT,281,2177,13710.56668,13933.20906
PAYMENT,282,4128,14890.74835,14776.88797
PAYMENT,283,5443,17779.98144,16635.06939
PAYMENT,284,6991,18730.59405,16927.01781
PAYMENT,285,5596,16626.7208,15618.83115
PAYMENT,286,4794,15184.25712,14916.60472
PAYMENT,287,3420,17339.92668,15164.68481
PAYMENT,288,2014,24944.16343,25668.76178
PAYMENT,289,624,13863.66629,15195.72601
PAYMENT,290,194,12917.92738,14718.43558
PAYMENT,291,12,14054.07486,16531.63882
PAYMENT,301,864,17895.62628,16357.8927
PAYMENT,302,1770,15882.18865,14043.16761
PAYMENT,303,1324,17672.34904,16332.44465
PAYMENT,304,2183,15525.26618,13285.22977
PAYMENT,305,5660,15932.93055,13746.74311
PAYMENT,306,7443,15336.35506,13489.40306
PAYMENT,307,7108,16924.87944,14883.74048
PAYMENT,308,7984,17707.65852,15470.34782
PAYMENT,309,6282,17600.75359,14572.10438
PAYMENT,310,4681,17544.15544,14634.81969
PAYMENT,311,4491,14213.77056,13263.32852
PAYMENT,312,1541,13471.40895,12692.03101
PAYMENT,313,605,22836.81499,22934.81959
PAYMENT,314,194,12338.63638,12864.84557
PAYMENT,323,260,17534.24431,15471.7447
PAYMENT,324,258,16350.79182,13924.4409
PAYMENT,325,345,15899.33821,13432.43941
PAYMENT,326,728,15999.15505,13454.99879
PAYMENT,329,2053,15611.73378,13436.30519
PAYMENT,330,4744,15279.05601,13459.3058
PAYMENT,331,5249,16196.66092,14425.36004
PAYMENT,332,7632,16813.03099,15110.55866
PAYMENT,333,5976,16084.9722,13334.91612
PAYMENT,334,5217,13729.88741,11158.54676
PAYMENT,335,4671,11744.0384,10606.38902
PAYMENT,336,1326,12089.49394,10664.93573
PAYMENT,337,107,10547.18569,10038.05883
PAYMENT,338,203,11412.48443,10593.16092
PAYMENT,349,612,15373.43714,13432.43863
PAYMENT,350,446,14695.85602,12299.0252
PAYMENT,354,4038,13874.77365,11617.8948
PAYMENT,355,4802,15150.68261,12466.33248
PAYMENT,356,6827,14153.02743,12490.57345
PAYMENT,357,6245,14553.09849,13520.01363
PAYMENT,358,5218,17328.15485,14527.1664
PAYMENT,359,3757,13666.45586,12964.32766
PAYMENT,360,1701,9875.752072,8542.770892
PAYMENT,361,409,20180.54771,18687.24929
PAYMENT,362,46,3171.350904,2165.028217
PAYMENT,372,37,15445.83174,11749.85522
PAYMENT,373,59,15979.33071,11016.49097
PAYMENT,374,51,14981.64988,11075.03711
PAYMENT,375,231,13565.53952,10135.10651
PAYMENT,376,114,18132.95674,13425.26989
PAYMENT,379,102,10222.85451,7427.391225
PAYMENT,380,1172,8774.531164,6493.797602
PAYMENT,381,1146,7330.695707,5382.575718
PAYMENT,382,1155,7706.668972,5631.837635
PAYMENT,383,946,5699.527287,4153.974262
PAYMENT,384,489,6707.830599,4927.653264
PAYMENT,385,186,3952.61452,2859.236947
PAYMENT,386,61,7186.779605,5418.893758
PAYMENT,394,230,25554.09012,18809.27422
PAYMENT,396,114,19424.59376,15069.85357
PAYMENT,397,161,26107.78657,19310.25384
PAYMENT,403,298,11861.07214,8620.406779
PAYMENT,404,1062,9687.53069,7091.947824
PAYMENT,405,1162,9170.006793,6706.304055
PAYMENT,406,1148,12012.86792,8946.207449
PAYMENT,407,948,9175.856663,6799.744652
PAYMENT,408,1021,5536.471024,3969.198733
PAYMENT,409,52,3190.608804,2384.618028
PAYMENT,413,36,1390.22628,964.1062798
PAYMENT,416,175,5755.821167,4262.79306
PAYMENT,419,67,62985.97517,47415.02264
PAYMENT,420,116,9312.151297,6723.88319
PAYMENT,422,62,39584.71142,29983.47413
PAYMENT,423,35,9450.903976,7362.669244
PAYMENT,426,220,10190.74313,7589.871343
PAYMENT,428,156,4128.263197,2990.197597
PAYMENT,429,171,4022.117889,2894.131659
PAYMENT,431,232,6516.674203,4852.401673
PAYMENT,436,26,1038.560864,714.9132251
PAYMENT,439,123,3690.304933,2656.66402
PAYMENT,442,77,5059.98208,3463.7757
PAYMENT,445,1,8031.414118,6273.907838
PAYMENT,448,135,14511.037,11016.6684
PAYMENT,449,66,9046.076154,6603.704319
PAYMENT,451,202,5936.752343,4361.878213
PAYMENT,452,15,6886.603391,4991.877827
PAYMENT,453,6,8744.773438,5690.067652
PAYMENT,454,4,4222.930444,2839.354198
PAYMENT,455,117,11981.63352,8943.698495
PAYMENT,458,48,2619.729892,1867.709357
PAYMENT,460,5,818.8758491,656.6968766
PAYMENT,461,7,2156.831429,1633.274842
PAYMENT,466,58,18428.88175,13277.29733
PAYMENT,469,266,13885.84163,10249.17407
PAYMENT,471,105,18887.39033,13359.65742
PAYMENT,472,2,50626.05538,34557.89013
PAYMENT,474,114,8199.123741,5940.447546
PAYMENT,476,218,10539.50261,7811.372968
PAYMENT,478,216,8877.839319,6494.722976
PAYMENT,479,120,4800.282803,3513.214396
PAYMENT,483,28,2227.738,1616.658853
PAYMENT,487,110,2979.411987,2138.770022
PAYMENT,490,193,20351.08321,14844.35394
PAYMENT,492,229,33865.65297,25104.45572
PAYMENT,493,81,16790.58868,12418.01536
PAYMENT,495,143,13324.02679,9742.545876
PAYMENT,496,38,14173.11304,10185.50932
PAYMENT,500,339,8913.987527,6610.964717
PAYMENT,502,23,7970.208376,5728.762869
PAYMENT,503,244,6002.546315,4350.134307
PAYMENT,505,125,7750.674334,5789.691195
PAYMENT,509,28,3312.731033,2527.660671
PAYMENT,514,440,17386.00504,12840.28417
PAYMENT,517,64,26970.1483,19536.7934
PAYMENT,518,166,13195.54101,9703.127688
PAYMENT,520,130,15585.75172,11666.55527
PAYMENT,522,756,6760.195254,4885.548805
PAYMENT,524,153,23222.02117,17256.63932
PAYMENT,525,639,26323.48282,19795.3532
PAYMENT,526,238,5090.057164,3604.722394
PAYMENT,527,322,4801.300021,3529.846687
PAYMENT,528,128,5237.318352,3759.924003
PAYMENT,529,1,2028.947143,1569.763152
PAYMENT,530,32,3443.195217,2409.787569
PAYMENT,531,22,6636.365099,4832.428495
PAYMENT,532,13,5417.833893,4004.520865
PAYMENT,534,60,2997.299757,2189.563139
PAYMENT,538,113,7351.252779,5330.781808
PAYMENT,540,322,12535.08767,9233.098099
PAYMENT,542,221,17759.1349,13050.45596
PAYMENT,544,239,15486.43967,11379.90082
PAYMENT,546,226,12347.62188,9139.912897
PAYMENT,548,349,8120.877957,5945.554095
PAYMENT,549,50,10476.77568,7537.744561
PAYMENT,550,508,7200.053398,5287.813662
PAYMENT,551,117,3046.890639,2180.060309
PAYMENT,552,209,7119.54423,5262.640996
PAYMENT,555,16,4077.77674,2780.55715
PAYMENT,563,1,8149.549167,4916.107271
PAYMENT,565,174,15363.70614,11435.64139
PAYMENT,567,207,11039.86579,8216.526217
PAYMENT,571,186,6046.304819,4464.090916
PAYMENT,573,277,8708.932712,6435.038932
PAYMENT,574,259,8432.481153,6177.600689
PAYMENT,576,120,5421.201822,3944.592971
PAYMENT,577,44,3207.573438,2365.445584
PAYMENT,578,21,1595.83157,1070.630787
PAYMENT,580,6,1686.165867,1278.676407
PAYMENT,582,118,8170.007178,6184.05792
PAYMENT,585,50,7209.849449,5346.370764
PAYMENT,590,254,13440.41153,10120.91695
PAYMENT,592,151,11188.27154,8237.309834
PAYMENT,594,19,8902.611019,6478.973141
PAYMENT,596,545,7058.034893,5213.729578
PAYMENT,597,188,4977.564743,3605.431666
PAYMENT,598,108,5797.766888,4307.01071
PAYMENT,599,232,4467.951541,3229.870891
PAYMENT,601,111,2866.639198,2003.145168
PAYMENT,608,88,5623.488059,3866.747807
PAYMENT,610,72,3665.882878,2716.068034
PAYMENT,612,122,11938.10647,8895.352459
PAYMENT,613,1,13523.65,3076.43
PAYMENT,614,66,7304.533602,5277.313753
PAYMENT,617,129,18704.71527,13906.83795
PAYMENT,619,140,6618.940568,4726.853308
PAYMENT,621,85,4687.890274,3352.360314
PAYMENT,630,15,5064.512416,3853.342947
PAYMENT,637,165,26924.83195,19975.56036
PAYMENT,640,44,3764.335523,2710.561248
PAYMENT,642,62,4892.594236,3521.538792
PAYMENT,644,134,10069.361,7342.881455
PAYMENT,649,26,2394.711217,1715.688667
PAYMENT,656,164,4015.739538,2842.78456
PAYMENT,659,110,8214.046209,5690.519953
PAYMENT,661,227,10873.11742,8011.932671
PAYMENT,664,57,13803.93786,10268.08186
PAYMENT,667,58,6182.884042,4384.412927
PAYMENT,669,16,6337.27788,4325.415042
PAYMENT,670,196,5687.538764,4089.372025
PAYMENT,672,14,2035.259345,1353.186297
PAYMENT,673,49,4596.664326,3249.641481
PAYMENT,675,1,2082.380667,1232.692276
PAYMENT,679,9,3378.506117,2345.874037
PAYMENT,681,231,12477.19361,9032.3378
PAYMENT,684,197,17311.86301,12823.92325
PAYMENT,687,38,11344.0963,8513.489499
PAYMENT,688,342,13772.1261,9982.90691
PAYMENT,690,2,6984.017857,4964.020806
PAYMENT,691,128,12332.55684,9061.280826
PAYMENT,692,401,15328.76899,11379.16525
PAYMENT,694,282,9469.875736,6959.475437
PAYMENT,695,320,5998.617931,4368.826316
PAYMENT,698,2,5342.032174,4649.229869
PAYMENT,699,4,1465.945366,1079.598789
PAYMENT,705,117,13996.05014,10182.5962
PAYMENT,707,12,21768.52317,15618.20143
PAYMENT,709,181,20240.52245,15036.50158
PAYMENT,710,166,19560.90802,14660.81823
PAYMENT,712,1,17002.07889,11348.38436
PAYMENT,714,58,9248.773204,6595.158104
PAYMENT,715,173,10443.40643,7694.514339
PAYMENT,716,16,6363.560778,4624.021228
PAYMENT,717,107,8283.57728,6080.178804
PAYMENT,718,206,8791.679716,6551.096099
TRANSFER,1,223,367766.4545,477439.8787
TRANSFER,2,28,503298.0502,580557.3655
TRANSFER,3,1,292918.57,294905.7017
TRANSFER,6,82,599528.7687,642444.3374
TRANSFER,7,604,687853.2842,827443.2435
TRANSFER,8,1752,762630.3956,750651.9633
TRANSFER,9,2362,808033.7173,767013.5024
TRANSFER,10,1609,779226.2762,910540.5149
TRANSFER,11,1607,702736.0675,675760.0643
TRANSFER,12,1533,638065.7762,671656.1135
TRANSFER,13,1600,611579.4483,547017.4488
TRANSFER,14,1960,556148.9579,519521.3683
TRANSFER,15,2196,549899.8492,525536.5853
TRANSFER,16,1887,551788.4713,704923.6648
TRANSFER,17,2057,555550.9812,530898.9301
TRANSFER,18,2495,533851.1744,499823.0497
TRANSFER,19,2283,601501.5649,632574.4285
TRANSFER,20,1887,687856.8317,781494.1356
TRANSFER,21,1506,660577.8704,684213.1208
TRANSFER,22,1138,631224.5936,601110.7844
TRANSFER,23,606,630991.1442,592067.3249
TRANSFER,24,271,647483.0791,568260.1478
TRANSFER,25,126,722085.8514,637378.1356
TRANSFER,26,13,601086.5474,631739.425
TRANSFER,27,1,452638.895,427324.2324
TRANSFER,34,179,707825.8045,602982.603
TRANSFER,35,965,689712.8168,648910.8581
TRANSFER,36,2178,631245.5264,612894.31
TRANSFER,37,1163,624698.4471,567460.2294
TRANSFER,38,1038,592898.1238,589548.971
TRANSFER,39,606,569440.6581,767642.0492
TRANSFER,40,1968,567638.7963,602102.4255
TRANSFER,41,1763,558615.5872,595516.6402
TRANSFER,42,2069,549233.5191,622646.427
TRANSFER,43,2118,643599.2704,676274.9019
TRANSFER,44,1741,785431.341,803067.6554
TRANSFER,45,1362,705924.8989,727160.1222
TRANSFER,46,1140,692395.9264,715812.0316
TRANSFER,47,771,633016.4627,588347.9757
TRANSFER,48,566,636651.9111,618269.7954
TRANSFER,49,72,653224.0068,648139.0639
TRANSFER,93,364,640298.5775,580432.2445
TRANSFER,94,849,617713.64,591236.0577
TRANSFER,95,702,609806.7634,619139.2209
TRANSFER,96,572,600793.0052,624088.3825
TRANSFER,97,51,569751.582,573697.851
TRANSFER,119,521,589122.4148,569714.3543
TRANSFER,120,263,569149.7732,509725.9993
TRANSFER,121,88,522348.3373,532151.9626
TRANSFER,122,11,465899.2509,446122.49
TRANSFER,123,1,636043.6333,598651.3059
TRANSFER,132,1,714120.1225,316008.0675
TRANSFER,133,328,636448.6894,560246.1167
TRANSFER,134,756,615292.9457,650140.6355
TRANSFER,135,691,593981.9706,789342.2763
TRANSFER,136,1198,575874.0823,598397.0099
TRANSFER,137,1325,571798.7812,591582.9711
TRANSFER,138,1115,588962.4087,655478.2267
TRANSFER,139,2357,674006.9602,701660.8818
TRANSFER,140,1840,696640.8782,677455.825
TRANSFER,141,1494,657103.9307,759499.505
TRANSFER,142,1158,590280.5632,637991.2809
TRANSFER,143,683,565062.8537,629433.0478
TRANSFER,144,325,544394.0188,527666.7324
TRANSFER,145,85,545884.5451,504256.3822
TRANSFER,146,17,540874.0998,508122.686
TRANSFER,147,1,455326.3017,454809.8231
TRANSFER,155,172,623142.4956,536177.5565
TRANSFER,157,603,595174.8662,586045.5474
TRANSFER,158,750,600908.8553,617603.4733
TRANSFER,159,816,574470.9956,630148.4
TRANSFER,160,912,574773.6691,595987.989
TRANSFER,161,1425,601830.0618,742572.9103
TRANSFER,162,1873,595745.06,802214.8726
TRANSFER,163,2016,709643.9508,1092723.479
TRANSFER,164,1962,782069.131,1487333.498
TRANSFER,165,1480,662751.1992,1205935.435
TRANSFER,166,1117,676134.242,1401283.353
TRANSFER,167,750,672077.9236,1342071.487
TRANSFER,168,335,591762.2795,1119450.687
TRANSFER,169,131,694456.9061,1974581.527
TRANSFER,170,29,451067.7208,445157.7366
TRANSFER,181,348,724496.0469,1085797.196
TRANSFER,182,885,686278.1787,1638361.438
TRANSFER,183,969,660834.6616,1323710.951
TRANSFER,184,1135,726246.0828,1844579.406
TRANSFER,185,1567,744652.0665,1592725.707
TRANSFER,186,1950,686829.6233,1623591.117
TRANSFER,187,2155,724694.5437,1721846.332
TRANSFER,188,1965,657958.6254,1731210.743
TRANSFER,189,1514,651452.392,1654027.921
TRANSFER,190,1161,717982.3075,1936148.649
TRANSFER,191,793,724275.7048,2014103.929
TRANSFER,192,362,628301.3786,1346249.769
TRANSFER,193,134,600291.1249,1037665.996
TRANSFER,194,32,672475.1196,3921847.058
TRANSFER,195,3,406783.8089,342183.6008
TRANSFER,204,162,630288.1315,1548197.473
TRANSFER,205,623,719046.0639,1576939.852
TRANSFER,206,597,614274.1702,1621799.202
TRANSFER,207,706,724869.9322,2391389.547
TRANSFER,208,958,704516.3077,1969242.58
TRANSFER,209,1010,725203.0865,2032725.212
TRANSFER,210,1157,804804.7264,2217516.333
TRANSFER,211,1400,984464.6965,2393293.693
TRANSFER,212,1737,1103651.264,2517883.439
TRANSFER,213,1339,930907.6782,2305839.599
TRANSFER,214,972,930864.8253,2442372.207
TRANSFER,215,724,908535.5088,2248958.471
TRANSFER,216,358,829247.2734,1922385.061
TRANSFER,217,279,913731.4572,2430686.559
TRANSFER,228,116,880612.6838,1996101.262
TRANSFER,229,210,928270.2139,2384271.836
TRANSFER,230,90,1000020.952,2868572.745
TRANSFER,231,553,924154.7993,2307229.434
TRANSFER,232,1016,969163.4128,2660084.901
TRANSFER,234,1516,948354.7639,2466160.557
TRANSFER,235,2237,1034792.02,2582825.148
TRANSFER,236,1851,1081965.536,2724181.506
TRANSFER,237,1350,960916.3911,2626839.638
TRANSFER,238,995,986658.9211,2615112.611
TRANSFER,239,753,986206.5256,2690402.984
TRANSFER,240,381,976527.5573,2853783.03
TRANSFER,241,163,852833.5235,2409903.357
TRANSFER,242,34,806489.6894,3007193.568
TRANSFER,252,87,792084.0035,1742443.852
TRANSFER,253,340,952544.6849,2636078.81
TRANSFER,254,472,942537.6807,2600670.011
TRANSFER,255,678,951433.2224,2851176.163
TRANSFER,256,780,942263.0545,2822091.729
TRANSFER,257,663,953161.1291,2958882.391
TRANSFER,258,833,907006.0365,2641773.524
TRANSFER,259,2184,1017692.057,2947772.583
TRANSFER,260,1770,1065274.111,3159154.09
TRANSFER,261,1330,1036081.092,3066274.46
TRANSFER,262,1011,1044872.256,3141600.295
TRANSFER,263,721,1013911.638,2989939.571
TRANSFER,264,361,1025323.402,2982626.558
TRANSFER,265,131,900465.5216,2771060.049
TRANSFER,266,56,945202.702,3299055.821
TRANSFER,267,1,87223.623,58354.19516
TRANSFER,277,5,279661.5584,221153.6654
TRANSFER,279,2,254031.85,202797.7109
TRANSFER,281,476,1030453.811,3083860.016
TRANSFER,282,1005,1115617.551,3217517.023
TRANSFER,283,1310,1346410.368,3147751.264
TRANSFER,284,1654,1749146.703,4273793.71
TRANSFER,285,1208,1878397.927,4773822.621
TRANSFER,286,1003,2001817.132,5183409.967
TRANSFER,287,673,2184494.225,5758078.397
TRANSFER,288,341,2824244.191,6877987.874
TRANSFER,289,114,2897493.793,7388006.307
TRANSFER,290,22,2927753.558,8003139.393
TRANSFER,291,1,442939.8075,426728.2216
TRANSFER,301,186,3532099.385,7850986.658
TRANSFER,302,443,4412502.9,8897762.99
TRANSFER,303,295,4529124.14,8841636.924
TRANSFER,304,530,4686373.568,9232389.577
TRANSFER,305,1458,2402489.035,5225022.952
TRANSFER,306,1926,1015825.709,1556331.607
TRANSFER,307,1852,1312299.532,2074440.786
TRANSFER,308,1943,1458911.542,2489956.531
TRANSFER,309,1410,1818730.631,3339281.144
TRANSFER,310,1017,2155120.823,4049619.867
TRANSFER,311,868,1247531.383,2545222.772
TRANSFER,312,281,831717.7114,995026.4561
TRANSFER,313,102,773556.5827,964992.2206
TRANSFER,314,23,709201.4577,888171.5511
TRANSFER,323,68,1014817.545,1186218.82
TRANSFER,324,60,898984.0513,913681.1422
TRANSFER,325,71,910274.4056,908448.4128
TRANSFER,326,152,931747.5148,1030848.349
TRANSFER,329,515,885667.5741,1068639.188
TRANSFER,330,1173,901074.1349,1141779.809
TRANSFER,331,1317,995191.1326,1174245.545
TRANSFER,332,1897,1163489.44,1437476.148
TRANSFER,333,1351,919218.6502,1044992.04
TRANSFER,334,1076,970919.5519,1194331.163
TRANSFER,335,893,931567.2212,1165122.244
TRANSFER,336,241,918799.6528,1169402.731
TRANSFER,337,9,861631.6828,980751.8981
TRANSFER,338,33,890563.8504,1256369.138
TRANSFER,349,128,942418.3895,1072825.672
TRANSFER,350,102,1032081.014,1188108.095
TRANSFER,354,1002,984422.6158,1170737.405
TRANSFER,355,1196,985181.0704,1221808.435
TRANSFER,356,1691,821485.4321,1064001.793
TRANSFER,357,1449,672145.4424,763315.3074
TRANSFER,358,1099,674238.9476,645767.2942
TRANSFER,359,729,612040.4508,520825.9402
TRANSFER,360,305,517256.067,433020.0354
TRANSFER,361,60,468913.0672,409272.9196
TRANSFER,362,3,191321.8036,146778.7482
TRANSFER,372,10,739303.648,563182.3876
TRANSFER,373,15,749051.9011,531268.5774
TRANSFER,374,14,588096.7859,446247.9654
TRANSFER,375,62,590087.6702,442728.4537
TRANSFER,376,35,4340412.698,3207491.066
TRANSFER,379,27,454789.5492,331469.7829
TRANSFER,380,203,313407.9554,226492.2742
TRANSFER,381,151,228557.955,159503.704
TRANSFER,382,116,191986.2925,129818.0087
TRANSFER,383,73,173963.7705,121494.2421
TRANSFER,384,32,221422.0432,167557.9395
TRANSFER,385,13,255659.4697,179793.5238
TRANSFER,386,4,161370.3454,91837.35558
TRANSFER,394,61,2033987.912,1504206.075
TRANSFER,396,35,909371.297,632789.9733
TRANSFER,397,46,1172699.887,872272.4141
TRANSFER,403,71,590876.0641,426188.2006
TRANSFER,404,174,379556.6458,269123.8228
TRANSFER,405,150,235777.374,164549.5108
TRANSFER,406,117,253562.7846,188526.3828
TRANSFER,407,68,294492.6351,200393.2754
TRANSFER,408,69,375487.5595,294045.5408
TRANSFER,409,4,72798.39383,53958.97248
TRANSFER,413,3,50018.75788,29910.16576
TRANSFER,416,27,457447.3236,321068.9147
TRANSFER,419,14,448225.7178,316459.1145
TRANSFER,420,35,930497.4787,669492.1012
TRANSFER,422,18,1304726.496,955562.6665
TRANSFER,423,11,303717.7611,211620.9964
TRANSFER,426,63,333862.2081,244824.9269
TRANSFER,428,27,272578.7341,209473.9628
TRANSFER,429,21,208053.969,146649.7129
TRANSFER,431,15,124887.7017,88469.66225
TRANSFER,436,1,60783.30267,37153.18296
TRANSFER,439,8,260839.729,189609.0514
TRANSFER,442,15,221691.0502,156710.4486
TRANSFER,445,1,111625.446,128132.5261
TRANSFER,448,27,311396.8019,237591.1803
TRANSFER,449,14,328668.5615,218893.103
TRANSFER,451,37,206113.0941,143295.6438
TRANSFER,452,1,148050.3188,112966.208
TRANSFER,453,1,138494.4833,62966.54353
TRANSFER,454,1,157592.385,105089.765
TRANSFER,455,6,141301.6976,108268.5921
TRANSFER,458,2,105103.1432,63668.42369
TRANSFER,460,1,131493.72,0.0
TRANSFER,461,1,10126.7,3955.09
TRANSFER,466,14,1328634.757,990427.2864
TRANSFER,469,86,725450.8683,522396.7622
TRANSFER,471,32,582288.5523,417750.8768
TRANSFER,472,1,383345.2063,273286.523
TRANSFER,474,28,763740.8194,556925.5555
TRANSFER,476,41,394796.6977,278093.8849
TRANSFER,478,16,148878.13,97135.87706
TRANSFER,479,6,125466.5174,86991.65052
TRANSFER,483,4,252977.0434,191783.7418
TRANSFER,487,13,148466.2185,98143.11469
TRANSFER,490,48,654971.7988,458399.1208
TRANSFER,492,71,1354180.301,986213.3322
TRANSFER,493,25,1928744.328,1384943.342
TRANSFER,495,44,1338580.639,980933.6231
TRANSFER,496,12,533839.055,390559.885
TRANSFER,500,69,182568.8535,122060.0621
TRANSFER,502,2,244656.837,163739.1095
TRANSFER,503,16,118055.0763,85493.25602
TRANSFER,505,15,117978.301,83679.35188
TRANSFER,509,2,329042.0368,241906.9666
TRANSFER,514,116,1650638.39,1179195.189
TRANSFER,517,17,509981.0457,369735.1996
TRANSFER,518,50,511141.7603,366479.811
TRANSFER,520,38,857298.3449,600828.4041
TRANSFER,522,197,2267953.982,1658356.784
TRANSFER,524,26,336766.3043,233247.6591
TRANSFER,525,79,218254.1274,145205.1483
TRANSFER,526,26,164523.4719,109931.7707
TRANSFER,527,27,307265.1256,224122.9099
TRANSFER,528,9,200801.5121,148474.43
TRANSFER,529,1,54997.22,0.0
TRANSFER,530,9,332485.2375,235628.4629
TRANSFER,531,1,87018.4875,60482.00876
TRANSFER,532,1,25354.29333,12631.67939
TRANSFER,534,6,124599.1799,92104.35023
TRANSFER,538,32,2927817.244,2082730.786
TRANSFER,540,88,1156364.61,842792.203
TRANSFER,542,65,528141.8685,368010.1697
TRANSFER,544,76,1093368.949,834722.1711
TRANSFER,546,62,444321.6515,325363.4826
TRANSFER,548,59,280032.8656,197254.3902
TRANSFER,549,5,240079.73,182142.9802
TRANSFER,550,51,136733.1386,93938.1718
TRANSFER,551,10,182465.5484,139093.4481
TRANSFER,552,12,148535.6436,94320.72152
TRANSFER,555,1,41994.36,33459.17643
TRANSFER,563,1,2308607.065,1239006.488
TRANSFER,565,54,732928.9459,514630.5598
TRANSFER,567,58,413780.9155,291791.9123
TRANSFER,571,49,685702.891,489809.1373
TRANSFER,573,39,196658.2114,141045.371
TRANSFER,574,31,325564.262,225988.8089
TRANSFER,576,6,56428.26261,35256.23908
TRANSFER,577,2,115808.0662,64893.37565
TRANSFER,578,1,102195.3371,70060.59214
TRANSFER,580,1,78955.38143,45786.97519
TRANSFER,582,7,92351.09325,62141.68513
TRANSFER,585,10,322354.899,237897.4117
TRANSFER,590,72,755210.1836,554326.816
TRANSFER,592,45,831981.6302,622698.216
TRANSFER,594,7,456450.0013,314219.8664
TRANSFER,596,108,248515.2469,172715.7609
TRANSFER,597,26,173315.5286,120892.0506
TRANSFER,598,12,126582.6987,89767.17919
TRANSFER,599,21,93403.33601,63567.2463
TRANSFER,601,7,109029.3685,79806.58493
TRANSFER,608,16,226664.9547,156150.5622
TRANSFER,610,14,149929.1618,91276.49845
TRANSFER,612,32,376246.2116,259301.7917
TRANSFER,613,1,89283.84,0.0
TRANSFER,614,12,98749.92782,60378.61612
TRANSFER,617,27,214572.211,152380.6496
TRANSFER,619,27,383990.8285,274022.448
TRANSFER,621,12,187448.4404,117931.1739
TRANSFER,630,1,120533.6714,63990.80552
TRANSFER,637,42,385042.4348,268972.3378
TRANSFER,640,10,752352.8567,545829.0048
TRANSFER,642,15,246657.009,154961.7284
TRANSFER,644,19,215435.2165,150337.1716
TRANSFER,649,2,307949.5568,199358.8307
TRANSFER,656,32,200501.3177,134372.5183
TRANSFER,659,31,3895545.316,2818843.665
TRANSFER,661,63,526902.293,368843.5427
TRANSFER,664,14,983149.3787,757615.9603
TRANSFER,667,15,304739.6642,212050.0595
TRANSFER,669,2,307425.3135,183298.5932
TRANSFER,670,20,202554.2525,150230.7101
TRANSFER,672,1,153332.545,85236.52933
TRANSFER,673,4,290456.5682,170777.5149
TRANSFER,675,1,38052.005,2639.925
TRANSFER,679,2,766881.0836,567730.3684
TRANSFER,681,59,612414.3756,433001.0812
TRANSFER,684,65,4602163.506,3333226.261
TRANSFER,687,11,886889.2107,637586.8477
TRANSFER,688,103,476242.5825,334873.6819
TRANSFER,690,1,307005.9771,160966.2026
TRANSFER,691,31,551741.839,405978.4075
TRANSFER,692,75,235233.699,165798.8522
TRANSFER,694,28,333418.0067,246614.8998
TRANSFER,695,27,142535.6818,100917.5672
TRANSFER,698,1,51139.87643,30735.34093
TRANSFER,699,1,3506.55,0.0
TRANSFER,705,30,1086608.938,856614.4887
TRANSFER,707,4,450257.7414,275556.733
TRANSFER,709,55,478588.7489,335714.2867
TRANSFER,710,50,440272.1533,321257.6258
TRANSFER,712,1,274726.705,221526.7988
TRANSFER,714,19,479608.2321,348605.8085
TRANSFER,715,47,403739.0879,291101.5357
TRANSFER,716,4,300738.536,241693.8588
TRANSFER,717,14,159491.3201,100163.6481
TRANSFER,718,19,126728.7288,88631.06349
